{
  "branchNameLinter": {
    "prefixes": [
      "testfix",
      "automation",
      "hotfix",
      "release"
    ],
    "suggestions": {
      "fix": "testfix",
      "auto": "automation"
    },
    "disallowed": [
      "master",
      "develop",
      "staging"
    ],
    "separator": "/",
    "msgBranchBanned": "Branches with the name \"%s\" are not allowed.",
    "msgBranchDisallowed": "Pushing to \"%s\" is not allowed, use git-flow.",
    "msgPrefixNotAllowed": "Branch prefix \"%s\" is not allowed.",
    "msgPrefixSuggestion": "Instead of \"%s\" try \"%s\".",
    "msgseparatorRequired": "Branch \"%s\" must contain a separator \"%s\"."
  }
}